vehicle_price,make,model,year,transmision,engine_capacity,fuel_type
2200000,NISSAN,VANETTE,1992,MANUAL,1950,DIESEL
4200000,NISSAN,CARAVAN,1990,MANUAL,2660,DIESEL
1090000,NISSAN,BLUEBIRD,1991,MANUAL,1920,DIESEL
4385000,NISSAN,TIIDA,2007,AUTOMATIC,1500,PETROL
3500000,NISSAN,SUNNY,2001,AUTOMATIC,1500,PETROL
10900000,NISSAN,X-TRAIL,2015,AUTOMATIC,1995,HYBRID
1350000,NISSAN,CARAVAN,1995,MANUAL,2770,DIESEL
1975000,NISSAN,SUNNY,1993,MANUAL,1500,PETROL
6700000,NISSAN,DAYZ,2017,AUTOMATIC,660,PETROL
375000,NISSAN,SUNNY,1985,MANUAL,1500,PETROL
5525000,NISSAN,VANETTE,2006,AUTOMATIC,1780,PETROL
1175000,NISSAN,CEFIRO,2007,AUTOMATIC,1500,PETROL
5975000,NISSAN,SUNNY,2010,AUTOMATIC,1500,PETROL
2350000,NISSAN,SERENA,1994,MANUAL,2000,DIESEL
4850000,NISSAN,CARAVAN,1994,MANUAL,2800,DIESEL
2375000,NISSAN,SUNNY,1995,AUTOMATIC,1490,PETROL
2495000,NISSAN,SUNNY,1997,AUTOMATIC,1500,PETROL
1395000,NISSAN,SUNNY,1992,MANUAL,1700,DIESEL
3785000,NISSAN,SUNNY,2001,AUTOMATIC,1500,PETROL
490000,NISSAN,SUNNY,1977,MANUAL,1300,PETROL
465000,NISSAN,SUNNY,1975,MANUAL,1300,PETROL
3150000,NISSAN,SUNNY,2002,MANUAL,1500,PETROL
5050000,NISSAN,CARAVAN,1995,MANUAL,3000,DIESEL
5350000,NISSAN,DAYZ,2015,AUTOMATIC,650,PETROL
4175000,NISSAN,MARCH,2010,AUTOMATIC,1300,PETROL
410000,NISSAN,SUNNY,1980,MANUAL,1400,PETROL
1600000,NISSAN,SUNNY,1991,MANUAL,1790,PETROL
6350000,NISSAN,CARAVAN,1997,MANUAL,3000,DIESEL
2690000,NISSAN,SUNNY,2002,AUTOMATIC,1500,PETROL
2225000,NISSAN,AD WAGON,1998,MANUAL,1290,PETROL
3475000,NISSAN,SUNNY,2003,AUTOMATIC,1500,PETROL
3150000,NISSAN,SUNNY,1998,AUTOMATIC,1500,PETROL
3450000,NISSAN,SUNNY,2005,AUTOMATIC,1500,PETROL
4300000,NISSAN,TIIDA,2007,AUTOMATIC,1460,PETROL
1950000,NISSAN,VANETTE,1992,MANUAL,1950,DIESEL
5450000,NISSAN,CLIPPER,2018,AUTOMATIC,650,PETROL
2100000,NISSAN,MARCH,1998,MANUAL,1300,PETROL
3350000,NISSAN,SUNNY,1999,AUTOMATIC,1500,PETROL
2200000,NISSAN,SUNNY,1996,MANUAL,1500,PETROL
4390000,NISSAN,TIIDA,2008,AUTOMATIC,1500,PETROL
4680000,NISSAN,VANETTE,2007,MANUAL,1990,DIESEL
4575000,NISSAN,CARAVAN,1992,MANUAL,2500,DIESEL
5675000,NISSAN,CARAVAN,1999,MANUAL,3200,DIESEL
2500000,NISSAN,SUNNY,1997,AUTOMATIC,1500,PETROL
3525000,NISSAN,SUNNY,2001,AUTOMATIC,1500,PETROL
5350000,NISSAN,X-TRAIL,2004,AUTOMATIC,2500,PETROL
1750000,NISSAN,SERENA,1990,AUTOMATIC,1970,DIESEL
3790000,NISSAN,MARCH,2007,AUTOMATIC,1300,PETROL
3775000,NISSAN,SUNNY,2001,AUTOMATIC,1500,PETROL
10800000,NISSAN,X-TRAIL,2015,AUTOMATIC,2000,PETROL
3790000,NISSAN,SUNNY,2001,AUTOMATIC,1600,PETROL
3850000,NISSAN,VANETTE,2000,MANUAL,3000,DIESEL
6650000,NISSAN,VANETTE,2008,AUTOMATIC,1780,PETROL
4750000,NISSAN,LEAF,2015,AUTOMATIC,70,ELECTRIC
2525000,NISSAN,SUNNY,1996,AUTOMATIC,1496,PETROL
5950000,NISSAN,NAVARA,2008,MANUAL,2488,DIESEL
2700000,NISSAN,AD WAGON,2000,AUTOMATIC,1500,PETROL
5400000,NISSAN,VANETTE,2008,AUTOMATIC,1700,DIESEL
2300000,NISSAN,MARCH,2000,AUTOMATIC,1350,PETROL
2350000,NISSAN,BLUEBIRD,2000,MANUAL,1933,DIESEL
2100000,NISSAN,VANETTE,1990,MANUAL,2000,DIESEL
7650000,NISSAN,CARAVAN,1999,MANUAL,3200,PETROL
3500000,NISSAN,CARAVAN,1987,MANUAL,2700,PETROL
1800000,NISSAN,SERENA,1993,MANUAL,1989,DIESEL
5700000,NISSAN,CARAVAN,1994,MANUAL,2660,DIESEL
765000,NISSAN,SUNNY,1985,MANUAL,1500,PETROL
1450000,NISSAN,SUNNY,1989,MANUAL,1720,PETROL
4290000,NISSAN,CARAVAN,1993,MANUAL,2665,DIESEL
1150000,NISSAN,CARAVAN,1981,MANUAL,1500,DIESEL
4850000,NISSAN,TIIDA,2007,AUTOMATIC,3000,PETROL
625000,NISSAN,SUNNY,1984,MANUAL,1700,PETROL
5500000,NISSAN,VANETTE,2007,MANUAL,1970,PETROL
2150000,NISSAN,SUNNY,1997,MANUAL,2000,DIESEL
2350000,NISSAN,VANETTE,1995,MANUAL,2000,DIESEL
4450000,NISSAN,CARAVAN,1992,MANUAL,2800,DIESEL
1675000,NISSAN,SERENA,1994,MANUAL,1970,PETROL
5900000,NISSAN,NAVARA,2007,AUTOMATIC,2488,DIESEL
2950000,NISSAN,AD WAGON,2003,AUTOMATIC,1500,PETROL
4850000,NISSAN,CLIPPER,2015,AUTOMATIC,660,PETROL
10300000,NISSAN,X-TRAIL,2016,AUTOMATIC,2000,HYBRID
3250000,NISSAN,SUNNY,1999,AUTOMATIC,1498,PETROL
2100000,NISSAN,VANETTE,1996,MANUAL,1950,DIESEL
2735000,NISSAN,MARCH,2000,AUTOMATIC,1000,PETROL
4175000,NISSAN,CLIPPER,2011,AUTOMATIC,650,PETROL
6575000,NISSAN,CARAVAN,1999,MANUAL,3150,DIESEL
1575000,NISSAN,VANETTE,1988,MANUAL,1600,DIESEL
1925000,NISSAN,MARCH,1999,MANUAL,1000,PETROL
5950000,NISSAN,CLIPPER,2019,AUTOMATIC,650,PETROL
8950000,NISSAN,X-TRAIL,2010,AUTOMATIC,2500,PETROL
3300000,NISSAN,CEFIRO,2000,AUTOMATIC,1500,PETROL
2260000,NISSAN,MARCH,2000,MANUAL,997,PETROL
890000,NISSAN,MARCH,1988,MANUAL,880,PETROL
2375000,NISSAN,MARCH,1998,MANUAL,800,PETROL
4650000,NISSAN,CARAVAN,1995,MANUAL,2800,DIESEL
7500000,NISSAN,CARAVAN,2003,AUTOMATIC,3000,DIESEL
6900000,NISSAN,CARAVAN,2008,AUTOMATIC,2990,DIESEL
1750000,NISSAN,VANETTE,1988,MANUAL,1950,DIESEL
4975000,NISSAN,TIIDA,2010,AUTOMATIC,1500,PETROL
3650000,NISSAN,VANETTE,1988,MANUAL,1950,DIESEL
2550000,NISSAN,MARCH,2000,AUTOMATIC,990,PETROL
2600000,NISSAN,SUNNY,1996,AUTOMATIC,1490,PETROL
2300000,NISSAN,SUNNY,1996,AUTOMATIC,1290,PETROL
5300000,NISSAN,CARAVAN,1995,MANUAL,2960,DIESEL
7200000,NISSAN,CARAVAN,2011,MANUAL,2950,DIESEL
2250000,NISSAN,VANETTE,1993,MANUAL,1950,DIESEL
3750000,NISSAN,SUNNY,2002,AUTOMATIC,1500,PETROL
5475000,NISSAN,DAYZ,2016,AUTOMATIC,650,PETROL
825000,NISSAN,SUNNY,1985,MANUAL,1300,PETROL
13000000,NISSAN,X-TRAIL,2016,AUTOMATIC,1990,PETROL
1550000,NISSAN,SUNNY,1989,MANUAL,1300,PETROL
2650000,NISSAN,MARCH,2001,MANUAL,1000,PETROL
1350000,NISSAN,SUNNY,1986,MANUAL,1500,PETROL
1990000,NISSAN,SERENA,1993,AUTOMATIC,2000,DIESEL
700000,NISSAN,VANETTE,1984,MANUAL,800,DIESEL
3650000,NISSAN,CEFIRO,2001,MANUAL,2000,PETROL
5100000,NISSAN,X-TRAIL,2002,AUTOMATIC,2000,PETROL
5000000,NISSAN,CARAVAN,1996,MANUAL,2660,DIESEL
3900000,NISSAN,SUNNY,2002,AUTOMATIC,1490,PETROL
6400000,NISSAN,CARAVAN,2007,AUTOMATIC,2950,DIESEL
2450000,NISSAN,SUNNY,1997,AUTOMATIC,1500,PETROL
3375000,NISSAN,VANETTE,1998,MANUAL,2000,DIESEL
5950000,NISSAN,CLIPPER,2015,AUTOMATIC,650,PETROL
2700000,NISSAN,VANETTE,1995,MANUAL,2700,DIESEL
1375000,NISSAN,SUNNY,1989,MANUAL,1500,PETROL
1950000,NISSAN,SUNNY,1996,MANUAL,1490,PETROL
5575000,NISSAN,CARAVAN,1994,AUTOMATIC,2500,DIESEL
1975000,NISSAN,MARCH,1995,AUTOMATIC,990,PETROL
5875000,NISSAN,SUNNY,2011,MANUAL,1300,PETROL
1500000,NISSAN,SUNNY,1990,MANUAL,1500,PETROL
3690000,NISSAN,SUNNY,2002,AUTOMATIC,1500,PETROL
5690000,NISSAN,DAYZ,2017,AUTOMATIC,650,PETROL
4850000,NISSAN,CARAVAN,1995,MANUAL,2000,DIESEL
1100000,NISSAN,SUNNY,1986,MANUAL,1270,PETROL
2475000,NISSAN,MARCH,1997,AUTOMATIC,1300,PETROL
5675000,NISSAN,CARAVAN,1999,AUTOMATIC,2700,DIESEL
6400000,NISSAN,DAYZ,2017,AUTOMATIC,650,PETROL
1550000,NISSAN,VANETTE,1988,MANUAL,1980,DIESEL
2400000,NISSAN,PULSAR,1999,MANUAL,1500,PETROL
2150000,NISSAN,MARCH,1997,AUTOMATIC,1000,PETROL
6300000,NISSAN,CARAVAN,2006,AUTOMATIC,2011,DIESEL
2350000,NISSAN,VANETTE,1994,MANUAL,2000,DIESEL
5800000,NISSAN,X-TRAIL,2001,AUTOMATIC,1990,PETROL
3750000,NISSAN,SUNNY,2001,AUTOMATIC,1500,PETROL
2675000,NISSAN,AD WAGON,2002,AUTOMATIC,1290,PETROL
2575000,NISSAN,CEFIRO,1998,AUTOMATIC,2000,PETROL
3650000,NISSAN,CEFIRO,2001,AUTOMATIC,2000,PETROL
1750000,NISSAN,VANETTE,1988,MANUAL,2000,DIESEL
925000,NISSAN,SUNNY,1985,AUTOMATIC,1500,PETROL
2550000,NISSAN,VANETTE,1994,AUTOMATIC,1500,DIESEL
2350000,NISSAN,SUNNY,1995,MANUAL,1500,PETROL
3500000,NISSAN,SUNNY,1998,AUTOMATIC,2490,PETROL
820000,NISSAN,SUNNY,1986,MANUAL,1480,PETROL
4450000,NISSAN,VANETTE,2002,MANUAL,2180,PETROL
5700000,NISSAN,NAVARA,2008,MANUAL,2500,DIESEL
2765000,NISSAN,MARCH,2000,AUTOMATIC,1000,PETROL
3550000,NISSAN,CEFIRO,2003,MANUAL,1200,DIESEL
4190000,NISSAN,SUNNY,2003,AUTOMATIC,1500,PETROL
4675000,NISSAN,VANETTE,2002,AUTOMATIC,900,DIESEL
645000,NISSAN,SUNNY,1982,MANUAL,1500,PETROL
7190000,NISSAN,CARAVAN,2012,MANUAL,1990,PETROL
2695000,NISSAN,PULSAR,1995,MANUAL,1000,PETROL
4950000,NISSAN,DAYZ,2015,AUTOMATIC,650,PETROL
6800000,NISSAN,CARAVAN,1999,MANUAL,3150,DIESEL
3500000,NISSAN,CARAVAN,1992,MANUAL,2600,DIESEL
4490000,NISSAN,CLIPPER,2017,AUTOMATIC,650,PETROL
2950000,NISSAN,BLUEBIRD,1999,AUTOMATIC,1500,PETROL
450000,NISSAN,SUNNY,1988,MANUAL,1400,PETROL
495000,NISSAN,SUNNY,1983,MANUAL,1500,PETROL
5150000,NISSAN,CARAVAN,1999,MANUAL,900,DIESEL
4850000,NISSAN,CLIPPER,2016,AUTOMATIC,1000,PETROL
2235000,NISSAN,SUNNY,1996,AUTOMATIC,1500,DIESEL
4700000,NISSAN,TIIDA,2008,AUTOMATIC,1500,PETROL
5495000,NISSAN,DAYZ,2017,AUTOMATIC,650,PETROL
2150000,NISSAN,SUNNY,1996,AUTOMATIC,1500,DIESEL
440000,NISSAN,SUNNY,1979,MANUAL,1400,PETROL
7450000,NISSAN,NV100,2015,AUTOMATIC,650,PETROL
1175000,NISSAN,BLUEBIRD,1990,MANUAL,1800,PETROL
1995000,NISSAN,SUNNY,1997,AUTOMATIC,1970,DIESEL
2150000,NISSAN,MARCH,1996,AUTOMATIC,1000,PETROL
1800000,NISSAN,PULSAR,1990,MANUAL,2800,DIESEL
5000000,NISSAN,CARAVAN,1990,MANUAL,3000,DIESEL
3850000,NISSAN,MARCH,2007,AUTOMATIC,1290,PETROL
1950000,NISSAN,CARAVAN,1984,MANUAL,1500,DIESEL
5875000,NISSAN,SUNNY,2011,AUTOMATIC,1300,PETROL
5800000,NISSAN,CARAVAN,1997,AUTOMATIC,1980,DIESEL
4385000,NISSAN,X-TRAIL,2002,MANUAL,1990,PETROL
5840000,NISSAN,DAYZ,2017,AUTOMATIC,650,PETROL
3400000,NISSAN,TIIDA,2006,AUTOMATIC,1500,PETROL
1325000,NISSAN,MARCH,1989,MANUAL,988,PETROL
3185000,NISSAN,SUNNY,2000,AUTOMATIC,1000,PETROL
1350000,NISSAN,MARCH,1992,MANUAL,988,PETROL
6300000,NISSAN,NAVARA,2007,AUTOMATIC,2780,DIESEL
1075000,NISSAN,SUNNY,1987,MANUAL,1480,PETROL
7500000,NISSAN,CARAVAN,2007,AUTOMATIC,2950,DIESEL
3465000,NISSAN,SUNNY,1995,MANUAL,1497,DIESEL
5800000,NISSAN,CLIPPER,2018,TIPTRONIC,650,PETROL
6450000,NISSAN,CARAVAN,2002,AUTOMATIC,3000,DIESEL
6850000,NISSAN,CARAVAN,1998,MANUAL,1000,PETROL
2800000,NISSAN,SUNNY,1998,MANUAL,1310,PETROL
3450000,NISSAN,SUNNY,2002,AUTOMATIC,1295,PETROL
5700000,NISSAN,CARAVAN,1996,MANUAL,2700,DIESEL
2300000,NISSAN,SUNNY,1996,MANUAL,1500,PETROL
2050000,NISSAN,SUNNY,1992,MANUAL,1700,DIESEL
2150000,NISSAN,SUNNY,1996,MANUAL,1400,PETROL
1050000,NISSAN,SUNNY,1987,MANUAL,1500,PETROL
2650000,NISSAN,SUNNY,1993,MANUAL,1500,PETROL
2130000,NISSAN,SUNNY,1999,MANUAL,1500,PETROL
3100000,NISSAN,MARCH,2003,AUTOMATIC,1300,PETROL
1350000,NISSAN,SUNNY,1988,MANUAL,1500,PETROL
5750000,NISSAN,LEAF,2018,AUTOMATIC,700,ELECTRIC
12000000,NISSAN,X-TRAIL,2010,TIPTRONIC,2000,DIESEL
2575000,NISSAN,SUNNY,1997,AUTOMATIC,1500,PETROL
1850000,NISSAN,VANETTE,1992,MANUAL,1900,DIESEL
5000000,NISSAN,CARAVAN,1993,MANUAL,2600,DIESEL
1185000,NISSAN,SUNNY,1989,MANUAL,800,PETROL
5350000,NISSAN,CARAVAN,1998,MANUAL,900,DIESEL
2000000,NISSAN,SUNNY,1990,MANUAL,1500,PETROL
4900000,NISSAN,CARAVAN,1995,MANUAL,2700,DIESEL
1600000,NISSAN,SUNNY,1992,MANUAL,1500,PETROL
3650000,NISSAN,SUNNY,2001,MANUAL,1500,PETROL
3875000,NISSAN,CARAVAN,1999,MANUAL,2700,DIESEL
2200000,NISSAN,SUNNY,1996,MANUAL,1800,PETROL
3350000,NISSAN,SUNNY,2003,MANUAL,1800,PETROL
3975000,NISSAN,VANETTE,1999,MANUAL,2000,DIESEL
2050000,NISSAN,VANETTE,1987,MANUAL,900,PETROL
1950000,NISSAN,SUNNY,1995,MANUAL,1500,PETROL
3500000,NISSAN,CARAVAN,1994,AUTOMATIC,3200,DIESEL
3850000,NISSAN,MARCH,2007,AUTOMATIC,1300,PETROL
6200000,NISSAN,DAYZ,2017,AUTOMATIC,650,PETROL
2000000,NISSAN,SUNNY,1991,AUTOMATIC,1290,PETROL
1375000,NISSAN,CARAVAN,1985,MANUAL,1800,DIESEL
1750000,NISSAN,CARAVAN,1986,MANUAL,2600,DIESEL
420000,NISSAN,SUNNY,1982,MANUAL,1200,PETROL
4390000,NISSAN,TIIDA,2007,AUTOMATIC,1500,PETROL
5450000,NISSAN,CARAVAN,1997,AUTOMATIC,3150,DIESEL
1980000,NISSAN,AD WAGON,1997,MANUAL,1300,PETROL
1375000,NISSAN,SUNNY,1988,MANUAL,1500,PETROL
2480000,NISSAN,SUNNY,1997,MANUAL,1500,PETROL
12500000,NISSAN,CARAVAN,2012,AUTOMATIC,2420,DIESEL
3975000,NISSAN,SUNNY,2001,AUTOMATIC,1500,PETROL
1490000,NISSAN,VANETTE,1988,MANUAL,1980,DIESEL
4700000,NISSAN,CARAVAN,1999,MANUAL,1500,DIESEL
1900000,NISSAN,MARCH,1996,MANUAL,990,PETROL
5025000,NISSAN,NV100,2016,TIPTRONIC,650,PETROL
4650000,NISSAN,CARAVAN,1997,MANUAL,3150,DIESEL
2500000,NISSAN,MARCH,2001,MANUAL,990,PETROL
3550000,NISSAN,SUNNY,2004,AUTOMATIC,900,PETROL
4000000,NISSAN,VANETTE,2003,MANUAL,2000,DIESEL
2550000,NISSAN,SUNNY,1997,AUTOMATIC,1500,PETROL
3375000,NISSAN,SUNNY,2000,AUTOMATIC,1500,PETROL
3200000,NISSAN,SUNNY,2000,AUTOMATIC,1490,PETROL
3490000,NISSAN,SUNNY,2000,AUTOMATIC,1500,PETROL
6850000,NISSAN,NAVARA,2008,MANUAL,2700,DIESEL
3600000,NISSAN,SUNNY,2000,MANUAL,1500,PETROL
5650000,NISSAN,NAVARA,2010,AUTOMATIC,2500,DIESEL
5975000,NISSAN,DAYZ,2017,AUTOMATIC,660,PETROL
5000000,NISSAN,CARAVAN,1994,MANUAL,2680,DIESEL
3175000,NISSAN,VANETTE,2000,MANUAL,2200,DIESEL
3900000,NISSAN,MARCH,2003,MANUAL,1300,PETROL
5500000,NISSAN,VANETTE,2006,MANUAL,2000,PETROL
2800000,NISSAN,VANETTE,1991,MANUAL,1400,PETROL
5100000,NISSAN,VANETTE,2006,MANUAL,1990,DIESEL
2295000,NISSAN,SUNNY,1997,MANUAL,1500,PETROL
3800000,NISSAN,SUNNY,2001,AUTOMATIC,1500,PETROL
1675000,NISSAN,SUNNY,1990,MANUAL,1300,PETROL
2495000,NISSAN,PULSAR,1997,MANUAL,2000,DIESEL
2090000,NISSAN,MARCH,1994,AUTOMATIC,1000,PETROL
6500000,NISSAN,LEAF,2013,AUTOMATIC,80,ELECTRIC
1675000,NISSAN,SUNNY,1994,MANUAL,1500,PETROL
5200000,NISSAN,NAVARA,2007,MANUAL,2500,DIESEL
6690000,NISSAN,DAYZ,2017,AUTOMATIC,660,PETROL
2559999,NISSAN,PULSAR,1999,MANUAL,2000,PETROL
4800000,NISSAN,TIIDA,2008,AUTOMATIC,1500,PETROL
1550000,NISSAN,VANETTE,1987,MANUAL,1990,DIESEL
2150000,NISSAN,SERENA,1990,MANUAL,1690,DIESEL
2500000,NISSAN,VANETTE,1994,MANUAL,1500,DIESEL
2790000,NISSAN,MARCH,2000,MANUAL,1000,PETROL
1575000,NISSAN,AD WAGON,1996,AUTOMATIC,1500,PETROL
2150000,NISSAN,VANETTE,1993,MANUAL,1950,DIESEL
3300000,NISSAN,SUNNY,2000,AUTOMATIC,1500,PETROL
3750000,NISSAN,VANETTE,2000,MANUAL,1780,PETROL
5250000,NISSAN,VANETTE,2006,MANUAL,1800,PETROL
3300000,NISSAN,VANETTE,1994,MANUAL,2180,DIESEL
2295000,NISSAN,SUNNY,1994,MANUAL,1200,PETROL
2750000,NISSAN,AD WAGON,2000,AUTOMATIC,1500,PETROL
5775000,NISSAN,SUNNY,2011,AUTOMATIC,1300,PETROL
4400000,NISSAN,CLIPPER,2015,AUTOMATIC,650,PETROL
2875000,NISSAN,MARCH,2000,AUTOMATIC,990,PETROL
4275000,NISSAN,SUNNY,2005,AUTOMATIC,1500,PETROL
1275000,NISSAN,MARCH,1993,MANUAL,800,PETROL
6875000,NISSAN,DAYZ,2016,AUTOMATIC,650,PETROL
4250000,NISSAN,VANETTE,2007,AUTOMATIC,2180,DIESEL
2450000,NISSAN,SUNNY,1995,MANUAL,1499,PETROL
620000,NISSAN,AD WAGON,1987,MANUAL,1300,PETROL
3000000,NISSAN,MARCH,2001,AUTOMATIC,1000,PETROL
5000000,NISSAN,CARAVAN,1995,MANUAL,2700,DIESEL
3350000,NISSAN,CLIPPER,2007,AUTOMATIC,1000,PETROL
3575000,NISSAN,MARCH,2003,AUTOMATIC,1000,PETROL
2900000,NISSAN,MARCH,2010,AUTOMATIC,1240,PETROL
5775000,NISSAN,BLUEBIRD,2006,AUTOMATIC,1500,PETROL
1747180,NISSAN,AD WAGON,1996,MANUAL,1300,PETROL
3295000,NISSAN,SUNNY,1999,AUTOMATIC,1500,PETROL
3975000,NISSAN,CARAVAN,1992,MANUAL,2700,DIESEL
350000,NISSAN,SUNNY,1976,MANUAL,1400,PETROL
1075000,NISSAN,SUNNY,1986,MANUAL,1500,PETROL
3350000,NISSAN,SUNNY,2000,AUTOMATIC,1800,PETROL
1425000,NISSAN,SUNNY,1987,MANUAL,1500,PETROL
1275000,NISSAN,BLUEBIRD,1982,MANUAL,1950,DIESEL
1550000,NISSAN,SUNNY,1993,MANUAL,1660,PETROL
880000,NISSAN,SUNNY,1983,MANUAL,1270,PETROL
2600000,NISSAN,CEFIRO,2000,AUTOMATIC,2000,PETROL
5000000,NISSAN,NAVARA,2007,MANUAL,2500,DIESEL
1200000,NISSAN,CARAVAN,1983,MANUAL,1596,DIESEL
1950000,NISSAN,SUNNY,1996,MANUAL,1500,PETROL
5700000,NISSAN,NAVARA,2017,MANUAL,2488,DIESEL
2750000,NISSAN,SUNNY,2001,MANUAL,2184,DIESEL
11000000,NISSAN,X-TRAIL,2015,AUTOMATIC,2000,HYBRID
1600000,NISSAN,SUNNY,1993,MANUAL,1500,PETROL
1900000,NISSAN,SUNNY,1992,MANUAL,1200,PETROL
2200000,NISSAN,MARCH,1998,MANUAL,1000,PETROL
4250000,NISSAN,SUNNY,2003,AUTOMATIC,1490,PETROL
3550000,NISSAN,MARCH,2003,MANUAL,998,PETROL
5450000,NISSAN,CARAVAN,1998,MANUAL,3000,DIESEL
900000,NISSAN,SUNNY,1985,MANUAL,2000,DIESEL
1975000,NISSAN,VANETTE,1998,MANUAL,1950,DIESEL
4600000,NISSAN,VANETTE,2002,MANUAL,2300,DIESEL
4900000,NISSAN,VANETTE,2001,MANUAL,1400,DIESEL
5400000,NISSAN,SUNNY,2010,MANUAL,1300,PETROL
4675000,NISSAN,CARAVAN,1992,MANUAL,2700,DIESEL
3575000,NISSAN,SUNNY,2001,AUTOMATIC,1500,PETROL
11500000,NISSAN,X-TRAIL,2015,MANUAL,1995,PETROL
2350000,NISSAN,SUNNY,1997,MANUAL,2000,DIESEL
5950000,NISSAN,CARAVAN,2006,MANUAL,3000,DIESEL
1475000,NISSAN,SUNNY,1991,MANUAL,1597,PETROL
6250000,NISSAN,VANETTE,2006,AUTOMATIC,2000,DIESEL
11600000,NISSAN,X-TRAIL,2015,AUTOMATIC,2000,HYBRID
4850000,NISSAN,NV100,2014,AUTOMATIC,650,PETROL
3380000,NISSAN,SUNNY,2004,MANUAL,1300,PETROL
2125000,NISSAN,SUNNY,1997,AUTOMATIC,2000,DIESEL
6650000,NISSAN,CARAVAN,1999,MANUAL,3150,DIESEL
9300000,NISSAN,CARAVAN,2011,MANUAL,2953,DIESEL
2690000,NISSAN,MARCH,2000,MANUAL,1000,DIESEL
3395000,NISSAN,SUNNY,2000,AUTOMATIC,1500,PETROL
3800000,NISSAN,VANETTE,1999,MANUAL,2200,DIESEL
3475000,NISSAN,SUNNY,2002,AUTOMATIC,1300,PETROL
6975000,NISSAN,CARAVAN,2006,MANUAL,2000,DIESEL
2650000,NISSAN,CARAVAN,1991,MANUAL,1500,DIESEL
5150000,NISSAN,CARAVAN,1999,MANUAL,3200,DIESEL
4050000,NISSAN,NV100,2013,AUTOMATIC,650,PETROL
4050000,NISSAN,NV100,2012,AUTOMATIC,650,PETROL
4850000,NISSAN,CARAVAN,2008,MANUAL,2500,DIESEL
10400000,NISSAN,X-TRAIL,2015,AUTOMATIC,2000,DIESEL
3870000,NISSAN,SUNNY,2003,AUTOMATIC,1500,PETROL
2140000,NISSAN,SUNNY,1997,AUTOMATIC,2000,PETROL
2200000,NISSAN,PULSAR,1997,AUTOMATIC,2000,DIESEL
3150000,NISSAN,SUNNY,2000,MANUAL,1500,PETROL
3475000,NISSAN,SUNNY,2000,AUTOMATIC,1500,PETROL
1050000,NISSAN,CARAVAN,1983,MANUAL,1500,DIESEL
2540000,NISSAN,VANETTE,1994,MANUAL,1990,DIESEL
5350000,NISSAN,CARAVAN,1999,MANUAL,3150,DIESEL
2375000,NISSAN,SUNNY,1997,MANUAL,1500,PETROL
4050000,NISSAN,SUNNY,2001,AUTOMATIC,1500,PETROL
3160000,NISSAN,SUNNY,2001,AUTOMATIC,1769,PETROL
2850000,NISSAN,PULSAR,1997,AUTOMATIC,1500,PETROL
5250000,NISSAN,LEAF,2015,AUTOMATIC,90,ELECTRIC
2950000,NISSAN,SUNNY,2000,MANUAL,1600,PETROL
3500000,NISSAN,CARAVAN,1987,MANUAL,2700,DIESEL
3395000,NISSAN,SUNNY,1999,AUTOMATIC,1490,PETROL
2800000,NISSAN,MARCH,2001,AUTOMATIC,1000,PETROL
3300000,NISSAN,SUNNY,1999,AUTOMATIC,1500,PETROL
4400000,NISSAN,SUNNY,2003,AUTOMATIC,1499,PETROL
975000,NISSAN,SUNNY,1989,MANUAL,1500,PETROL
625000,NISSAN,AD WAGON,1986,MANUAL,1300,PETROL
750000,NISSAN,MARCH,1987,MANUAL,1500,PETROL
4200000,NISSAN,VANETTE,1998,MANUAL,2180,DIESEL
5500000,NISSAN,LEAF,2013,AUTOMATIC,1500,ELECTRIC
350000,NISSAN,SUNNY,1979,MANUAL,1500,PETROL
2635000,NISSAN,MARCH,2000,AUTOMATIC,1000,PETROL
850000,NISSAN,SUNNY,1986,MANUAL,1500,PETROL
6975000,NISSAN,CARAVAN,2006,AUTOMATIC,3000,DIESEL
1950000,NISSAN,SUNNY,1991,MANUAL,1680,DIESEL
3950000,NISSAN,SUNNY,2000,AUTOMATIC,1490,PETROL
3100000,NISSAN,MARCH,2002,AUTOMATIC,1300,PETROL
1730000,NISSAN,SUNNY,1993,MANUAL,1490,PETROL
3400000,NISSAN,MARCH,2002,AUTOMATIC,1300,PETROL
3000000,NISSAN,CEFIRO,2000,AUTOMATIC,2000,PETROL
1930000,NISSAN,SUNNY,1991,MANUAL,1500,PETROL
4300000,NISSAN,SUNNY,1999,MANUAL,1500,PETROL
5850000,NISSAN,CARAVAN,1995,MANUAL,2000,DIESEL
3390000,NISSAN,SUNNY,2000,AUTOMATIC,1500,PETROL
5150000,NISSAN,CARAVAN,1995,MANUAL,2660,DIESEL
3380000,NISSAN,SUNNY,1999,AUTOMATIC,1500,PETROL
1800000,NISSAN,AD WAGON,1995,MANUAL,1899,DIESEL
5000000,NISSAN,LEAF,2014,AUTOMATIC,30,ELECTRIC
2000000,NISSAN,AD WAGON,1996,AUTOMATIC,1300,PETROL
2300000,NISSAN,SUNNY,2000,MANUAL,1300,PETROL
5650000,NISSAN,CARAVAN,1999,MANUAL,2500,DIESEL
4500000,NISSAN,BLUEBIRD,2004,AUTOMATIC,1490,PETROL
62500000,NISSAN,NAVARA,2008,AUTOMATIC,2488,DIESEL
5375000,NISSAN,VANETTE,2006,AUTOMATIC,1798,PETROL
2000000,NISSAN,SUNNY,1997,MANUAL,1500,DIESEL
6375000,NISSAN,NAVARA,2008,AUTOMATIC,2488,DIESEL
21000000,NISSAN,X-TRAIL,2018,AUTOMATIC,2000,PETROL
2195000,NISSAN,SERENA,1993,MANUAL,1970,DIESEL
3250000,NISSAN,SUNNY,2000,MANUAL,1597,PETROL
5400000,NISSAN,SUNNY,2010,MANUAL,1594,PETROL
4200000,NISSAN,SUNNY,2006,MANUAL,1295,PETROL
6250000,NISSAN,CARAVAN,2000,MANUAL,3150,DIESEL
2250000,NISSAN,MARCH,2001,AUTOMATIC,1000,PETROL
3550000,NISSAN,SUNNY,2000,AUTOMATIC,1597,PETROL
3550000,NISSAN,SUNNY,2000,AUTOMATIC,1500,PETROL
5750000,NISSAN,NAVARA,2007,AUTOMATIC,2488,DIESEL
5850000,NISSAN,DAYZ,2016,AUTOMATIC,650,PETROL
4955000,NISSAN,NV100,2012,AUTOMATIC,650,PETROL
3400000,NISSAN,SUNNY,1999,AUTOMATIC,1500,PETROL
4700000,NISSAN,LEAF,2014,AUTOMATIC,62,PETROL
5570000,NISSAN,CLIPPER,2015,AUTOMATIC,650,PETROL
2490000,NISSAN,AD WAGON,2001,AUTOMATIC,1300,PETROL
3425000,NISSAN,SUNNY,1999,AUTOMATIC,1500,PETROL
1950000,NISSAN,BLUEBIRD,1998,MANUAL,1999,DIESEL
2450000,NISSAN,PULSAR,1997,MANUAL,1000,PETROL
3190000,NISSAN,MARCH,2005,AUTOMATIC,1200,PETROL
1550000,NISSAN,CARAVAN,1980,MANUAL,1500,DIESEL
6800000,NISSAN,CARAVAN,1995,MANUAL,2660,DIESEL
3850000,NISSAN,VANETTE,2000,MANUAL,900,PETROL
5750000,NISSAN,VANETTE,1998,MANUAL,1000,DIESEL
2280000,NISSAN,SUNNY,1993,MANUAL,1490,PETROL
5500000,NISSAN,CARAVAN,1998,MANUAL,3200,DIESEL
5975000,NISSAN,CARAVAN,1997,AUTOMATIC,3200,DIESEL
4600000,NISSAN,CARAVAN,1996,MANUAL,2660,DIESEL
4525000,NISSAN,MARCH,2007,AUTOMATIC,1300,PETROL
3480000,NISSAN,SUNNY,2000,AUTOMATIC,1500,PETROL
3480000,NISSAN,SUNNY,2000,AUTOMATIC,2500,PETROL
1450000,NISSAN,CARAVAN,1983,MANUAL,2300,DIESEL
2300000,NISSAN,VANETTE,1992,AUTOMATIC,2350,DIESEL
1100000,NISSAN,VANETTE,1991,MANUAL,2400,DIESEL
2825000,NISSAN,MARCH,2001,MANUAL,1300,PETROL
3400000,NISSAN,SUNNY,2000,MANUAL,1500,PETROL
2275000,NISSAN,VANETTE,1998,MANUAL,900,DIESEL
6150000,NISSAN,BLUEBIRD,2011,AUTOMATIC,1500,PETROL
2830000,NISSAN,SUNNY,1999,MANUAL,1300,PETROL
2950000,NISSAN,SUNNY,2000,MANUAL,1500,PETROL
1800000,NISSAN,SERENA,1991,MANUAL,1970,DIESEL
3485000,NISSAN,SUNNY,2000,AUTOMATIC,1490,PETROL
1400000,NISSAN,MARCH,1991,MANUAL,1000,PETROL
2350000,NISSAN,CEFIRO,1999,AUTOMATIC,1990,PETROL
3550000,NISSAN,SUNNY,2004,MANUAL,1295,PETROL
3450000,NISSAN,SUNNY,2000,AUTOMATIC,1500,PETROL
2250000,NISSAN,VANETTE,1993,MANUAL,2600,DIESEL
3550000,NISSAN,SUNNY,2003,AUTOMATIC,1000,PETROL
4000000,NISSAN,CARAVAN,1992,MANUAL,2260,DIESEL
2250000,NISSAN,SUNNY,1995,MANUAL,1500,PETROL
4800000,NISSAN,CARAVAN,1992,MANUAL,2660,DIESEL
830000,NISSAN,MARCH,1979,MANUAL,1500,PETROL
3150000,NISSAN,CARAVAN,1993,MANUAL,2700,DIESEL
2000000,NISSAN,CEFIRO,2000,AUTOMATIC,1995,PETROL
2395000,NISSAN,PULSAR,1995,AUTOMATIC,1490,PETROL
3500000,NISSAN,SUNNY,2000,AUTOMATIC,1490,PETROL
4190000,NISSAN,MARCH,2010,AUTOMATIC,1200,PETROL
5600000,NISSAN,NAVARA,2015,MANUAL,1350,DIESEL
3250000,NISSAN,MARCH,2002,AUTOMATIC,1300,PETROL
4400000,NISSAN,TIIDA,2008,AUTOMATIC,1500,PETROL
9000000,NISSAN,CARAVAN,2012,AUTOMATIC,3000,DIESEL
5375000,NISSAN,CARAVAN,1993,MANUAL,2700,DIESEL
4600000,NISSAN,CARAVAN,1998,MANUAL,2550,DIESEL
2750000,NISSAN,VANETTE,1993,MANUAL,1950,DIESEL
3350000,NISSAN,CLIPPER,2007,AUTOMATIC,650,PETROL
900000,NISSAN,SUNNY,1987,MANUAL,1500,PETROL
1850000,NISSAN,SUNNY,1993,MANUAL,1700,PETROL
2300000,NISSAN,VANETTE,1992,AUTOMATIC,1500,DIESEL
1675000,NISSAN,VANETTE,1989,MANUAL,1500,DIESEL
5050000,NISSAN,NAVARA,2007,AUTOMATIC,2500,PETROL
1425000,NISSAN,SUNNY,1994,MANUAL,1700,DIESEL
1900000,NISSAN,SUNNY,1996,AUTOMATIC,1500,PETROL
2700000,NISSAN,VANETTE,1993,MANUAL,1950,DIESEL
2190000,NISSAN,MARCH,2000,MANUAL,800,PETROL
2600000,NISSAN,VANETTE,1993,MANUAL,1950,DIESEL
3690000,NISSAN,SUNNY,2000,MANUAL,1500,PETROL
3320000,NISSAN,SUNNY,1999,AUTOMATIC,1500,PETROL
4490000,NISSAN,CARAVAN,1994,MANUAL,2700,DIESEL
5650000,NISSAN,CARAVAN,1998,MANUAL,2700,DIESEL
3350000,NISSAN,CEFIRO,2001,AUTOMATIC,2000,PETROL
35000000,NISSAN,VANETTE,1998,MANUAL,2200,DIESEL
1950000,NISSAN,SERENA,1994,AUTOMATIC,1970,DIESEL
3195000,NISSAN,MARCH,2002,AUTOMATIC,1240,PETROL
5500000,NISSAN,CARAVAN,1994,MANUAL,2550,DIESEL
3490000,NISSAN,PULSAR,1999,AUTOMATIC,1500,PETROL
5450000,NISSAN,TIIDA,2010,AUTOMATIC,1500,PETROL
3875000,NISSAN,MARCH,2007,AUTOMATIC,1200,PETROL
3725000,NISSAN,MARCH,2003,AUTOMATIC,1300,PETROL
6400000,NISSAN,DAYZ,2017,AUTOMATIC,660,PETROL
2975000,NISSAN,MARCH,2002,AUTOMATIC,1000,PETROL
3300000,NISSAN,MARCH,2004,AUTOMATIC,1000,PETROL
4100000,NISSAN,MARCH,2007,AUTOMATIC,1300,PETROL
4525000,NISSAN,BLUEBIRD,2007,AUTOMATIC,1500,PETROL
2895000,NISSAN,WINGROAD,2000,AUTOMATIC,1300,PETROL
2485000,NISSAN,OTHER MODEL,1998,AUTOMATIC,1270,PETROL
4975000,NISSAN,SUNNY,2010,AUTOMATIC,1300,PETROL
2890000,NISSAN,AD WAGON,2000,AUTOMATIC,1500,PETROL
5800000,NISSAN,DAYZ,2017,AUTOMATIC,660,PETROL
4680000,NISSAN,MARCH,2010,AUTOMATIC,1240,PETROL
3975000,NISSAN,SUNNY,2003,AUTOMATIC,1500,PETROL
2925000,NISSAN,MARCH,2001,AUTOMATIC,1000,PETROL
4190000,NISSAN,OTHER MODEL,2010,AUTOMATIC,1200,PETROL
3500000,NISSAN,MARCH,2002,AUTOMATIC,1240,PETROL
2775000,NISSAN,MARCH,2003,AUTOMATIC,1000,PETROL
2690000,NISSAN,MARCH,2001,AUTOMATIC,1000,PETROL
2375000,NISSAN,MARCH,1996,AUTOMATIC,1000,PETROL
2300000,NISSAN,SUNNY,1997,AUTOMATIC,1500,PETROL
2950000,NISSAN,CEFIRO,2000,AUTOMATIC,2000,PETROL
4395000,NISSAN,SUNNY,2008,AUTOMATIC,1300,PETROL
5900000,NISSAN,X-TRAIL,2003,AUTOMATIC,2400,PETROL
4150000,NISSAN,MARCH,2008,AUTOMATIC,1300,PETROL
3200000,NISSAN,MARCH,2002,AUTOMATIC,1000,PETROL
2500000,NISSAN,PULSAR,1997,AUTOMATIC,1490,PETROL
3190000,NISSAN,MARCH,2002,AUTOMATIC,1300,PETROL
2550000,NISSAN,WINGROAD,1999,AUTOMATIC,1760,PETROL
4200000,NISSAN,OTHER MODEL,1994,AUTOMATIC,3000,PETROL
4900000,NISSAN,TIIDA,2007,AUTOMATIC,1498,PETROL
3500000,NISSAN,AD WAGON,2005,AUTOMATIC,1290,PETROL
6895000,NISSAN,DAYZ,2018,AUTOMATIC,660,PETROL
3550000,NISSAN,SUNNY,2001,AUTOMATIC,1500,PETROL
2700000,NISSAN,SUNNY,1999,AUTOMATIC,1500,PETROL
3475000,NISSAN,MARCH,2003,AUTOMATIC,1000,PETROL
5850000,NISSAN,SUNNY,2011,AUTOMATIC,1597,PETROL
3450000,NISSAN,MARCH,2002,AUTOMATIC,1246,PETROL
11500000,NISSAN,X-TRAIL,2015,AUTOMATIC,1990,PETROL
2195000,NISSAN,PRESEA,1998,AUTOMATIC,1500,PETROL
3800000,NISSAN,PRIMERA,2001,AUTOMATIC,2000,PETROL
1760000,NISSAN,PRIMERA,2002,AUTOMATIC,1990,PETROL
15900000,NISSAN,QASHQAI,2017,AUTOMATIC,1200,PETROL
3750000,NISSAN,SUNNY,2001,AUTOMATIC,1490,PETROL
3207500,NISSAN,SUNNY,1999,AUTOMATIC,1500,PETROL
17300000,NISSAN,QASHQAI,2018,AUTOMATIC,1200,PETROL
1800000,NISSAN,SUNNY,1991,AUTOMATIC,1500,PETROL
3900000,NISSAN,MARCH,2003,AUTOMATIC,1300,PETROL
3100000,NISSAN,SUNNY,1998,AUTOMATIC,1490,PETROL
4075000,NISSAN,SUNNY,2002,AUTOMATIC,1300,PETROL
29500000,NISSAN,MARCH,2001,AUTOMATIC,1000,PETROL
3780000,NISSAN,OTHER MODEL,2001,AUTOMATIC,1500,PETROL
6875000,NISSAN,DAYZ,2017,AUTOMATIC,650,PETROL
3425000,NISSAN,SUNNY,2000,AUTOMATIC,1600,PETROL
3950000,NISSAN,SUNNY,2001,AUTOMATIC,1490,PETROL
3400000,NISSAN,BLUEBIRD,2003,AUTOMATIC,1800,PETROL
3550000,NISSAN,SUNNY,2001,AUTOMATIC,1490,PETROL
1300000,NISSAN,MARCH,1987,AUTOMATIC,980,PETROL
3950000,NISSAN,SUNNY,2002,AUTOMATIC,1500,PETROL
3800000,NISSAN,SUNNY,2001,AUTOMATIC,1490,PETROL
3600000,NISSAN,SUNNY,2001,AUTOMATIC,1500,PETROL
1950000,NISSAN,AD WAGON,1997,AUTOMATIC,1300,PETROL
3690000,NISSAN,MARCH,2009,AUTOMATIC,1240,PETROL
2875000,NISSAN,MARCH,2001,AUTOMATIC,1300,PETROL
2750000,NISSAN,SUNNY,1998,AUTOMATIC,1490,PETROL
2695000,NISSAN,MARCH,2000,AUTOMATIC,990,PETROL
4400000,NISSAN,SUNNY,2006,AUTOMATIC,1300,PETROL
1350000,NISSAN,SUNNY,1992,AUTOMATIC,1600,PETROL
3500000,NISSAN,CEFIRO,2000,AUTOMATIC,2000,PETROL
3860000,NISSAN,PULSAR,1999,AUTOMATIC,1499,PETROL
4450000,NISSAN,SUNNY,2003,AUTOMATIC,1500,PETROL
4200000,NISSAN,CEFIRO,2000,AUTOMATIC,1995,PETROL
2950000,NISSAN,OTHER MODEL,2006,AUTOMATIC,1330,PETROL
4500000,NISSAN,TIIDA,2004,AUTOMATIC,1500,PETROL
5375000,NISSAN,X-TRAIL,2001,AUTOMATIC,2000,PETROL
2575000,NISSAN,AD WAGON,2000,AUTOMATIC,1290,PETROL
2650000,NISSAN,BLUEBIRD,1996,AUTOMATIC,1999,DIESEL
6890000,NISSAN,NAVARA,2008,AUTOMATIC,2488,DIESEL
6795000,NISSAN,NAVARA,2006,AUTOMATIC,2500,DIESEL
6600000,NISSAN,NAVARA,2007,AUTOMATIC,2500,DIESEL
2800000,NISSAN,SUNNY,1998,AUTOMATIC,2000,DIESEL
6700000,NISSAN,NAVARA,2007,AUTOMATIC,3000,DIESEL
8750000,NISSAN,NAVARA,2008,AUTOMATIC,2488,DIESEL
2300000,NISSAN,SUNNY,2000,AUTOMATIC,2000,DIESEL
2500000,NISSAN,BLUEBIRD,2000,AUTOMATIC,2000,DIESEL
37300000,NISSAN,PATROL,2015,AUTOMATIC,3000,DIESEL
24000000,NISSAN,NAVARA,2017,AUTOMATIC,2500,DIESEL
34000000,NISSAN,PATROL,2013,AUTOMATIC,3000,DIESEL
2550000,NISSAN,SUNNY,1998,AUTOMATIC,2000,DIESEL
3995000,NISSAN,SUNNY,1996,AUTOMATIC,2660,DIESEL
22000000,NISSAN,PATROL,2008,AUTOMATIC,3000,DIESEL
2450000,NISSAN,PULSAR,1997,AUTOMATIC,1970,DIESEL
3250000,NISSAN,CEFIRO,2001,AUTOMATIC,2000,DIESEL
10650000,NISSAN,X-TRAIL,2015,AUTOMATIC,2000,HYBRID
12650000,NISSAN,X-TRAIL,2016,AUTOMATIC,2000,HYBRID
635000,NISSAN,SUNNY,1983,MANUAL,1500,PETROL
11900000,NISSAN,X-TRAIL,2016,AUTOMATIC,2000,HYBRID
11000000,NISSAN,X-TRAIL,2015,AUTOMATIC,1990,HYBRID
12000000,NISSAN,OTHER MODEL,2013,AUTOMATIC,2000,HYBRID
10990000,NISSAN,X-TRAIL,2015,AUTOMATIC,2000,HYBRID
11800000,NISSAN,X-TRAIL,2016,AUTOMATIC,2000,HYBRID
11800000,NISSAN,X-TRAIL,2015,AUTOMATIC,2000,HYBRID
5475000,NISSAN,LEAF,2018,AUTOMATIC,70,ELECTRIC
4275000,NISSAN,LEAF,2014,AUTOMATIC,75,ELECTRIC
4800000,NISSAN,LEAF,2014,AUTOMATIC,75,ELECTRIC
5000000,NISSAN,LEAF,2015,AUTOMATIC,30,ELECTRIC
14500000,NISSAN,LEAF,2018,AUTOMATIC,40,ELECTRIC
21500000,NISSAN,LEAF,2023,AUTOMATIC,180,ELECTRIC
6750000,NISSAN,LEAF,2015,AUTOMATIC,70,ELECTRIC
1840000,NISSAN,SUNNY,1982,MANUAL,1500,PETROL
2585000,NISSAN,SUNNY,1997,MANUAL,1500,PETROL
630000,NISSAN,SUNNY,1985,MANUAL,1300,PETROL
3350000,NISSAN,SUNNY,2002,MANUAL,1500,PETROL
1390000,NISSAN,MARCH,1986,MANUAL,980,PETROL
1850000,NISSAN,SUNNY,1987,MANUAL,1500,PETROL
700000,NISSAN,SUNNY,1980,MANUAL,1200,PETROL
2600000,NISSAN,CEFIRO,2001,MANUAL,2000,PETROL
1700000,NISSAN,SUNNY,1991,MANUAL,1300,PETROL
3500000,NISSAN,SUNNY,2000,MANUAL,1500,PETROL
475000,NISSAN,SUNNY,1978,MANUAL,1200,PETROL
1890000,NISSAN,SUNNY,1990,MANUAL,1500,PETROL
1630000,NISSAN,BLUEBIRD,1994,MANUAL,2000,PETROL
5300000,NISSAN,SUNNY,2010,MANUAL,1300,PETROL
525000,NISSAN,SUNNY,1979,MANUAL,1400,PETROL
1375000,NISSAN,SUNNY,1986,MANUAL,1500,PETROL
2000000,NISSAN,PULSAR,1998,MANUAL,1500,PETROL
2200000,NISSAN,MARCH,1996,MANUAL,1000,PETROL
3500000,NISSAN,SUNNY,2002,MANUAL,1300,PETROL
1300000,NISSAN,SUNNY,1989,MANUAL,1270,PETROL
3495000,NISSAN,SUNNY,2005,MANUAL,1300,PETROL
1900000,NISSAN,SUNNY,1988,MANUAL,1490,PETROL
975000,NISSAN,SUNNY,1986,MANUAL,1300,PETROL
1450000,NISSAN,SUNNY,1996,MANUAL,1270,PETROL
900000,NISSAN,SUNNY,1985,MANUAL,1300,PETROL
2650000,NISSAN,SUNNY,1999,MANUAL,1400,PETROL
1790000,NISSAN,SUNNY,1988,MANUAL,1500,PETROL
1850000,NISSAN,SUNNY,1982,MANUAL,1500,PETROL
2700000,NISSAN,MARCH,1999,MANUAL,1000,PETROL
3400000,NISSAN,SUNNY,2004,MANUAL,1300,PETROL
900000,NISSAN,MARCH,1986,MANUAL,980,PETROL
2150000,NISSAN,MARCH,1998,MANUAL,1300,PETROL
2875000,NISSAN,SUNNY,2000,MANUAL,1300,PETROL
2200000,NISSAN,SUNNY,1993,MANUAL,1500,PETROL
2050000,NISSAN,SUNNY,1996,MANUAL,1400,PETROL
1275000,NISSAN,MARCH,1992,MANUAL,998,PETROL
1425000,NISSAN,SUNNY,1991,MANUAL,1300,PETROL
4250000,NISSAN,SUNNY,2002,MANUAL,1500,PETROL
2000000,NISSAN,SUNNY,1991,MANUAL,1490,PETROL
875000,NISSAN,SUNNY,1984,MANUAL,1270,PETROL
2250000,NISSAN,OTHER MODEL,1994,MANUAL,1500,PETROL
2500000,NISSAN,SUNNY,1998,MANUAL,1500,PETROL
1275000,NISSAN,MARCH,1980,MANUAL,1000,PETROL
2275000,NISSAN,SUNNY,1996,MANUAL,1300,PETROL
1990000,NISSAN,SUNNY,1998,MANUAL,1300,PETROL
1075000,NISSAN,SUNNY,1988,MANUAL,1500,PETROL
2325000,NISSAN,SUNNY,1994,MANUAL,1490,PETROL
780000,NISSAN,SUNNY,1985,MANUAL,1300,PETROL
1390000,NISSAN,SUNNY,1990,MANUAL,1500,PETROL
330000,NISSAN,SUNNY,1976,MANUAL,1200,PETROL
2600000,NISSAN,MARCH,2000,MANUAL,1000,DIESEL
13850000,NISSAN,NAVARA,2018,MANUAL,2500,DIESEL
6990000,NISSAN,NAVARA,2007,MANUAL,2500,DIESEL
6250000,NISSAN,NAVARA,2007,MANUAL,2500,DIESEL
4650000,NISSAN,DUTSUN,1991,MANUAL,2660,DIESEL
1250000,NISSAN,SUNNY,1989,MANUAL,1680,DIESEL
2200000,NISSAN,SUNNY,1994,MANUAL,2000,DIESEL
5300000,NISSAN,NAVARA,2007,MANUAL,2500,DIESEL
1150000,NISSAN,SUNNY,1991,MANUAL,1500,DIESEL
1575000,NISSAN,SUNNY,1993,MANUAL,1580,DIESEL
4500000,NISSAN,DOUBLE CAB,1992,MANUAL,2660,DIESEL
6150000,NISSAN,NAVARA,2007,MANUAL,2500,DIESEL
2150000,NISSAN,SUNNY,1997,MANUAL,1970,DIESEL
9000000,NISSAN,PATROL,1987,MANUAL,4200,DIESEL
5500000,NISSAN,NAVARA,2007,MANUAL,2500,DIESEL
1340000,NISSAN,OTHER MODEL,1978,MANUAL,2200,DIESEL
1250000,NISSAN,SUNNY,1991,MANUAL,1680,DIESEL
1300000,NISSAN,BLUEBIRD,1983,MANUAL,1995,DIESEL
1950000,NISSAN,AD WAGON,1992,MANUAL,1899,DIESEL
1375000,NISSAN,SUNNY,1989,MANUAL,2000,DIESEL
4800000,NISSAN,PATROL,1980,MANUAL,3300,DIESEL
1925000,NISSAN,SUNNY,1996,MANUAL,2000,DIESEL
1875000,NISSAN,WINGROAD,1997,MANUAL,1970,DIESEL
19000000,NISSAN,PATROL,2005,MANUAL,3000,DIESEL
2090000,NISSAN,BLUEBIRD,2000,MANUAL,1933,DIESEL
2650000,NISSAN,PULSAR,1997,AUTOMATIC,1500,PETROL
6590000,NISSAN,DAYZ,2017,AUTOMATIC,650,PETROL
3690000,NISSAN,CEFIRO,1999,AUTOMATIC,2000,PETROL
13750000,NISSAN,X-TRAIL,2014,AUTOMATIC,2000,PETROL
4750000,NISSAN,SUNNY,2007,AUTOMATIC,1500,PETROL
2875000,NISSAN,MARCH,2000,AUTOMATIC,1000,PETROL
3125000,NISSAN,MARCH,1999,AUTOMATIC,1270,PETROL
4450000,NISSAN,SUNNY,2003,AUTOMATIC,1490,PETROL
5975000,NISSAN,DAYZ,2015,AUTOMATIC,650,PETROL
2900000,NISSAN,AD WAGON,2000,AUTOMATIC,1300,PETROL
3395000,NISSAN,MARCH,2004,AUTOMATIC,1300,PETROL
3685000,NISSAN,CEFIRO,2002,AUTOMATIC,1970,PETROL
8350000,NISSAN,QASHQAI,2011,AUTOMATIC,2000,PETROL
4150000,NISSAN,SUNNY,2002,AUTOMATIC,1500,PETROL
6490000,NISSAN,DAYZ,2019,AUTOMATIC,650,PETROL
3575000,NISSAN,SUNNY,2000,AUTOMATIC,1580,PETROL
5775000,NISSAN,DAYZ,2015,AUTOMATIC,650,PETROL
5000000,NISSAN,X-TRAIL,2001,AUTOMATIC,2000,PETROL
2400000,NISSAN,MARCH,2008,AUTOMATIC,1000,PETROL
3250000,NISSAN,PRESEA,2000,AUTOMATIC,1490,PETROL
16700000,NISSAN,QASHQAI,2018,AUTOMATIC,1200,PETROL
9200000,NISSAN,E-NV200,2015,AUTOMATIC,1590,PETROL
17990000,NISSAN,QASHQAI,2018,AUTOMATIC,1200,PETROL
3750000,NISSAN,OTHER MODEL,2002,AUTOMATIC,1500,PETROL
3950000,NISSAN,MARCH,2007,AUTOMATIC,1300,PETROL
3495000,NISSAN,SUNNY,2000,AUTOMATIC,1490,PETROL
2100000,NISSAN,AD WAGON,1999,AUTOMATIC,1490,PETROL
4400000,NISSAN,MARCH,2008,AUTOMATIC,1300,PETROL
4275000,NISSAN,OTHER MODEL,2016,AUTOMATIC,660,PETROL
4250000,NISSAN,SUNNY,2003,AUTOMATIC,1500,PETROL
1445000,NISSAN,MARCH,1984,AUTOMATIC,1500,PETROL
15600000,NISSAN,QASHQAI,2018,AUTOMATIC,1200,PETROL
11800000,NISSAN,X-TRAIL,2012,AUTOMATIC,2000,PETROL
4200000,NISSAN,WINGROAD,2003,AUTOMATIC,1490,PETROL
18690000,NISSAN,FAIRLADY Z,2003,AUTOMATIC,3500,PETROL
5950000,NISSAN,X-TRAIL,2001,AUTOMATIC,1990,PETROL
4500000,NISSAN,DAYZ,2016,AUTOMATIC,660,PETROL
3460000,NISSAN,SUNNY,1999,AUTOMATIC,1500,PETROL
5000000,NISSAN,X-TRAIL,2003,AUTOMATIC,2500,PETROL
4150000,NISSAN,MARCH,2007,AUTOMATIC,1240,PETROL
3890000,NISSAN,SUNNY,2001,AUTOMATIC,1490,PETROL
3200000,NISSAN,SUNNY,1999,AUTOMATIC,1500,PETROL
2750000,NISSAN,AD WAGON,2001,AUTOMATIC,1300,PETROL
3375000,NISSAN,CEFIRO,2000,AUTOMATIC,2000,PETROL
2670000,NISSAN,SUNNY,1999,AUTOMATIC,1490,PETROL
8775000,NISSAN,OTHER MODEL,2013,AUTOMATIC,1600,PETROL
3100000,NISSAN,MARCH,2000,AUTOMATIC,990,PETROL
3400000,NISSAN,AD WAGON,2004,AUTOMATIC,1500,PETROL
3690000,NISSAN,SUNNY,2001,AUTOMATIC,1500,PETROL
4525000,NISSAN,SUNNY,2003,AUTOMATIC,1500,PETROL
8750000,NISSAN,X-TRAIL,2010,AUTOMATIC,2500,PETROL
7850000,NISSAN,CEFIRO,2006,AUTOMATIC,2500,PETROL
5525000,NISSAN,DAYZ,2016,AUTOMATIC,660,PETROL
5490000,NISSAN,AD WAGON,2012,AUTOMATIC,1490,PETROL
6500000,NISSAN,DAYZ,2019,AUTOMATIC,650,PETROL
5850000,NISSAN,DAYZ,2017,AUTOMATIC,650,PETROL
6890000,NISSAN,DAYZ,2017,AUTOMATIC,650,PETROL
3975000,NISSAN,MARCH,2007,AUTOMATIC,1300,PETROL
3590000,NISSAN,SUNNY,2000,AUTOMATIC,1500,PETROL
15850000,NISSAN,QASHQAI,2017,AUTOMATIC,1200,PETROL
3550000,NISSAN,MARCH,2004,AUTOMATIC,1300,PETROL
4150000,NISSAN,MARCH,2007,AUTOMATIC,1300,PETROL
19500000,NISSAN,PATROL,2003,AUTOMATIC,4800,PETROL
3400000,NISSAN,PRIMERA,2001,AUTOMATIC,2000,PETROL
4875000,NISSAN,SUNNY,2003,AUTOMATIC,1500,PETROL
8100000,NISSAN,NOTE,2017,AUTOMATIC,1190,PETROL
2725000,NISSAN,MARCH,1999,AUTOMATIC,1290,PETROL
2895000,NISSAN,PRESEA,1997,AUTOMATIC,1480,PETROL
2775000,NISSAN,SUNNY,1998,AUTOMATIC,1500,PETROL
2650000,NISSAN,CEFIRO,1999,AUTOMATIC,2000,PETROL
4450000,NISSAN,MOCO,2008,AUTOMATIC,660,PETROL
6650000,NISSAN,DAYZ,2018,AUTOMATIC,660,PETROL
2800000,NISSAN,SUNNY,1997,AUTOMATIC,1490,PETROL
5875000,NISSAN,DAYZ,2016,AUTOMATIC,660,PETROL
12850000,NISSAN,X-TRAIL,2015,AUTOMATIC,2000,PETROL
6650000,NISSAN,X-TRAIL,2005,AUTOMATIC,2500,PETROL
6300000,NISSAN,DAYZ,2018,AUTOMATIC,660,PETROL
3400000,NISSAN,MARCH,2002,AUTOMATIC,1240,PETROL
2165000,NISSAN,PRESEA,2000,AUTOMATIC,1500,PETROL
3375000,NISSAN,AD WAGON,2005,AUTOMATIC,1300,PETROL
5900000,NISSAN,DAYZ,2017,AUTOMATIC,600,PETROL
5750000,NISSAN,X-TRAIL,2003,AUTOMATIC,2400,PETROL
2300000,NISSAN,SUNNY,1994,AUTOMATIC,1490,PETROL
4300000,NISSAN,SUNNY,2000,AUTOMATIC,1600,PETROL
5600000,NISSAN,SYLPHY,2008,AUTOMATIC,1500,PETROL
5250000,NISSAN,X-TRAIL,2001,AUTOMATIC,2000,PETROL
2200000,NISSAN,WINGROAD,1998,AUTOMATIC,1500,PETROL
4950000,NISSAN,SUNNY,2007,AUTOMATIC,1499,PETROL
6000000,NISSAN,NAVARA,2006,AUTOMATIC,2500,DIESEL
2700000,NISSAN,SUNNY,1998,AUTOMATIC,1970,DIESEL
3500000,NISSAN,BLUEBIRD,1999,AUTOMATIC,2000,DIESEL
2895000,NISSAN,PULSAR,1998,AUTOMATIC,2000,DIESEL
3650000,NISSAN,OTHER MODEL,1994,AUTOMATIC,3000,DIESEL
2400000,NISSAN,SUNNY,1997,AUTOMATIC,2000,DIESEL
2500000,NISSAN,OTHER MODEL,2000,AUTOMATIC,2000,DIESEL
7290000,NISSAN,NAVARA,2008,AUTOMATIC,2488,DIESEL
24750000,NISSAN,PATROL,2006,AUTOMATIC,3000,DIESEL
2800000,NISSAN,PULSAR,1999,AUTOMATIC,1970,DIESEL
2300000,NISSAN,SUNNY,1999,AUTOMATIC,1500,DIESEL
7075000,NISSAN,X-TRAIL,2006,AUTOMATIC,2480,DIESEL
3350000,NISSAN,OTHER MODEL,1994,AUTOMATIC,2500,DIESEL
2300000,NISSAN,SUNNY,1997,AUTOMATIC,1990,DIESEL
12875000,NISSAN,X-TRAIL,2016,AUTOMATIC,2000,HYBRID
13000000,NISSAN,X-TRAIL,2015,AUTOMATIC,1900,HYBRID
12990000,NISSAN,X-TRAIL,2015,AUTOMATIC,1990,HYBRID
14300000,NISSAN,X-TRAIL,2016,AUTOMATIC,1990,HYBRID
12500000,NISSAN,X-TRAIL,2015,AUTOMATIC,2000,HYBRID
4575000,NISSAN,LEAF,2012,AUTOMATIC,1500,HYBRID
11500000,NISSAN,X-TRAIL,2015,AUTOMATIC,2000,HYBRID
2500000,NISSAN,LEAF,2012,AUTOMATIC,80,ELECTRIC
3900000,NISSAN,LEAF,2012,AUTOMATIC,70,ELECTRIC
4450000,NISSAN,LEAF,2013,AUTOMATIC,70,ELECTRIC
3850000,NISSAN,LEAF,2013,AUTOMATIC,1000,ELECTRIC
7190000,NISSAN,LEAF,2014,AUTOMATIC,70,ELECTRIC
970000,NISSAN,SUNNY,1983,MANUAL,1500,PETROL
1050000,NISSAN,SUNNY,1977,MANUAL,1000,PETROL
3000000,NISSAN,MARCH,2000,MANUAL,1000,PETROL
500000,NISSAN,SUNNY,1983,MANUAL,1300,PETROL
975000,NISSAN,MARCH,1988,MANUAL,1000,PETROL
1375000,NISSAN,SUNNY,1990,MANUAL,1500,PETROL
985000,NISSAN,SUNNY,1990,MANUAL,1300,PETROL
1225000,NISSAN,MARCH,1989,MANUAL,988,PETROL
1250000,NISSAN,SUNNY,1987,MANUAL,1500,PETROL
1875000,NISSAN,SUNNY,1996,MANUAL,1300,PETROL
3300000,NISSAN,SUNNY,1999,MANUAL,1500,PETROL
585000,NISSAN,SUNNY,1984,MANUAL,1300,PETROL
1485000,NISSAN,SUNNY,1988,MANUAL,1500,PETROL
550000,NISSAN,SUNNY,1983,MANUAL,1200,PETROL
1000000,NISSAN,BLUEBIRD,1985,MANUAL,1600,PETROL
4500000,NISSAN,OTHER MODEL,2001,MANUAL,1500,PETROL
2100000,NISSAN,SUNNY,1995,MANUAL,1490,PETROL
3050000,NISSAN,SUNNY,2000,MANUAL,1300,PETROL
3350000,NISSAN,SUNNY,2003,MANUAL,1300,PETROL
900000,NISSAN,DUTSUN,1970,MANUAL,1500,PETROL
1250000,NISSAN,OTHER MODEL,1989,MANUAL,1500,PETROL
3800000,NISSAN,SUNNY,2002,MANUAL,1400,PETROL
2290000,NISSAN,SUNNY,1998,MANUAL,1490,PETROL
2500000,NISSAN,PULSAR,1995,MANUAL,1450,PETROL
1750000,NISSAN,SUNNY,1994,MANUAL,1800,PETROL
700000,NISSAN,SUNNY,1983,MANUAL,1500,PETROL
875000,NISSAN,SUNNY,1987,MANUAL,1270,PETROL
600000,NISSAN,OTHER MODEL,1987,MANUAL,1500,PETROL
3495000,NISSAN,SUNNY,2007,MANUAL,1300,PETROL
3600000,NISSAN,SUNNY,2002,MANUAL,1500,PETROL
500000,NISSAN,SUNNY,1979,MANUAL,2500,PETROL
560000,NISSAN,SUNNY,1976,MANUAL,1200,PETROL
1800000,NISSAN,SUNNY,1990,MANUAL,1490,PETROL
2350000,NISSAN,MARCH,1996,MANUAL,1000,PETROL
1100000,NISSAN,SUNNY,1988,MANUAL,1300,PETROL
3000000,NISSAN,PULSAR,1997,MANUAL,1500,PETROL
1560000,NISSAN,SUNNY,1990,MANUAL,1500,PETROL
1725000,NISSAN,SUNNY,1990,MANUAL,1500,PETROL
1400000,NISSAN,SUNNY,1988,MANUAL,1300,PETROL
1375000,NISSAN,SUNNY,1988,MANUAL,1490,PETROL
1800000,NISSAN,SUNNY,1991,MANUAL,1490,PETROL
1280000,NISSAN,SUNNY,1990,MANUAL,1200,PETROL
2350000,NISSAN,SUNNY,1994,MANUAL,1500,PETROL
3650000,NISSAN,SUNNY,2006,MANUAL,1300,PETROL
1800000,NISSAN,SUNNY,1993,MANUAL,1300,PETROL
2700000,NISSAN,SUNNY,1997,MANUAL,1392,PETROL
550000,NISSAN,SUNNY,1986,MANUAL,1200,PETROL
2700000,NISSAN,OTHER MODEL,1996,MANUAL,1290,PETROL
370000,NISSAN,SUNNY,1980,MANUAL,1400,PETROL
1850000,NISSAN,SUNNY,1993,MANUAL,1300,PETROL
950000,NISSAN,SUNNY,1987,MANUAL,1500,PETROL
775000,NISSAN,DUTSUN,1976,MANUAL,1171,PETROL
1750000,NISSAN,OTHER MODEL,1991,MANUAL,1490,PETROL
800000,NISSAN,SUNNY,1984,MANUAL,1500,PETROL
2050000,NISSAN,SUNNY,1992,MANUAL,1300,PETROL
2850000,NISSAN,SUNNY,2000,MANUAL,1300,PETROL
490000,NISSAN,SUNNY,1979,MANUAL,1400,PETROL
2650000,NISSAN,OTHER MODEL,1997,MANUAL,1490,PETROL
950000,NISSAN,MARCH,1987,MANUAL,1000,PETROL
3550000,NISSAN,SUNNY,2005,MANUAL,1300,PETROL
1275000,NISSAN,SUNNY,1987,MANUAL,1500,PETROL
2650000,NISSAN,AD WAGON,2001,MANUAL,1300,PETROL
900000,NISSAN,SUNNY,1986,MANUAL,800,PETROL
1250000,NISSAN,SUNNY,1989,MANUAL,1500,PETROL
635000,NISSAN,SUNNY,1984,MANUAL,1300,PETROL
725000,NISSAN,SUNNY,1985,MANUAL,1500,PETROL
1150000,NISSAN,BLUEBIRD,1985,MANUAL,1800,PETROL
480000,NISSAN,SUNNY,1979,MANUAL,1500,PETROL
2785000,NISSAN,SUNNY,1992,MANUAL,1300,PETROL
6800000,NISSAN,NAVARA,2008,MANUAL,2700,DIESEL
1690000,NISSAN,SUNNY,1992,MANUAL,1700,DIESEL
1700000,NISSAN,SUNNY,1990,MANUAL,1680,DIESEL
2575000,NISSAN,DUTSUN,1986,MANUAL,2500,DIESEL
1725000,NISSAN,SUNNY,1992,MANUAL,1700,DIESEL
1890000,NISSAN,CEFIRO,1987,MANUAL,2200,DIESEL
2100000,NISSAN,OTHER MODEL,1984,MANUAL,2300,DIESEL
1890000,NISSAN,WINGROAD,1997,MANUAL,1970,DIESEL
1000000,NISSAN,SUNNY,1996,MANUAL,1500,DIESEL
1875000,NISSAN,CEFIRO,1987,MANUAL,2200,DIESEL
1750000,NISSAN,SUNNY,1991,MANUAL,1500,DIESEL
1760000,NISSAN,BLUEBIRD,1985,MANUAL,2000,DIESEL
3200000,NISSAN,OTHER MODEL,1992,MANUAL,2700,DIESEL
1550000,NISSAN,DOUBLE CAB,1980,MANUAL,1950,DIESEL
4000000,NISSAN,OTHER MODEL,1992,MANUAL,2000,DIESEL
1500000,NISSAN,SUNNY,1993,MANUAL,1500,DIESEL
2850000,NISSAN,BLUEBIRD,1999,MANUAL,1970,DIESEL
2700000,NISSAN,BLUEBIRD,1999,MANUAL,2000,DIESEL
5600000,NISSAN,NAVARA,2006,MANUAL,2488,DIESEL
6300000,NISSAN,NAVARA,2007,MANUAL,2500,DIESEL
1890000,NISSAN,GLORIA,1987,MANUAL,2200,DIESEL
2200000,NISSAN,AD WAGON,1989,MANUAL,1680,DIESEL
1300000,NISSAN,DUTSUN,1981,MANUAL,2200,DIESEL
1600000,NISSAN,BLUEBIRD,1995,MANUAL,2000,DIESEL
13000000,NISSAN,DOUBLE CAB,2009,MANUAL,2500,DIESEL
1425000,NISSAN,DUTSUN,1985,MANUAL,2990,DIESEL
1600000,NISSAN,SUNNY,1992,MANUAL,1600,DIESEL
875000,NISSAN,DOUBLE CAB,1980,MANUAL,2200,DIESEL
5800000,NISSAN,NAVARA,2006,MANUAL,2500,DIESEL
1200000,NISSAN,BLUEBIRD,1986,MANUAL,2000,DIESEL
1660000,NISSAN,OTHER MODEL,1997,MANUAL,1970,DIESEL
22500000,NISSAN,FAIRLADY Z,2003,TIPTRONIC,3500,PETROL
17900000,NISSAN,JUKE,2020,TIPTRONIC,1000,PETROL
